{"Episode Reward": 0.6115, "_timestamp": 1715864427.0271935, "_runtime": 49.74294853210449, "_step": 4995, "_wandb": {"runtime": 50}}