{"Episode Reward": 277.6208354205975, "_timestamp": 1715850682.6136634, "_runtime": 148.67505049705505, "_step": 40496, "_wandb": {"runtime": 148}}