{"Episode Reward": 0.565092377, "_timestamp": 1715870759.4051714, "_runtime": 7.746699333190918, "_step": 49950, "_wandb": {"runtime": 7}}