{"Episode Reward": 250.4740695764674, "_timestamp": 1715859346.2042103, "_runtime": 42.142842292785645, "_step": 9990, "_wandb": {"runtime": 43}}