{"Episode Reward": 205.1544093874029, "_timestamp": 1715859123.032478, "_runtime": 410.0320851802826, "_step": 49950, "_wandb": {"runtime": 411}}