{"Episode Reward": 250.76982575127306, "_timestamp": 1715861558.1697013, "_runtime": 246.70583128929138, "_step": 49950, "_wandb": {"runtime": 246}}