{"Episode Reward": 198.09756940542798, "_timestamp": 1715849486.4772034, "_runtime": 191.4779953956604, "_step": 47435, "_wandb": {"runtime": 191}}