{"Episode Reward": 206.58701480302278, "_timestamp": 1715856276.525672, "_runtime": 174.02816104888916, "_step": 45405, "_wandb": {"runtime": 174}}