{"Episode Reward": 215.35749647402267, "_timestamp": 1715853533.9630268, "_runtime": 179.95274376869202, "_step": 49162, "_wandb": {"runtime": 180}}