{"Episode Reward": 164.7530129807225, "_timestamp": 1715859196.2665076, "_runtime": 6.5991926193237305, "_step": 999, "_wandb": {"runtime": 7}}