{"Episode Reward": 185.69742326887427, "_timestamp": 1715853759.0901716, "_runtime": 171.24041152000427, "_step": 46835, "_wandb": {"runtime": 171}}