{"Episode Reward": 218.49649197343896, "_timestamp": 1715856559.5253048, "_runtime": 138.3705027103424, "_step": 31968, "_wandb": {"runtime": 139}}