{"Episode Reward": 232.53557745233653, "_timestamp": 1715858233.053743, "_runtime": 248.53549599647522, "_step": 49950, "_wandb": {"runtime": 249}}