{"Episode Reward": 205.715981770224, "_timestamp": 1715790698.7548623, "_runtime": 161.08283734321594, "_step": 43862, "_wandb": {"runtime": 161}}