{"Episode Reward": 188.16536061604177, "_timestamp": 1715852520.5397599, "_runtime": 177.07343792915344, "_step": 49353, "_wandb": {"runtime": 177}}