{"Episode Reward": 0.60434, "_timestamp": 1715866528.3724594, "_runtime": 7.3419764041900635, "_step": 49950, "_wandb": {"runtime": 6}}