{"Episode Reward": 0.58, "_timestamp": 1715862806.7183535, "_runtime": 415.3366916179657, "_step": 49950, "_wandb": {"runtime": 416}}