{"Episode Reward": 257.12303258752206, "_timestamp": 1715850441.389581, "_runtime": 165.2910430431366, "_step": 43179, "_wandb": {"runtime": 165}}