{"Episode Reward": 195.01149683182874, "_timestamp": 1715849718.5807807, "_runtime": 173.83023977279663, "_step": 47420, "_wandb": {"runtime": 173}}