{"Episode Reward": 185.69742326887427, "_timestamp": 1715854265.515337, "_runtime": 173.30579590797424, "_step": 46835, "_wandb": {"runtime": 173}}