{"Episode Reward": 0.465092377, "_timestamp": 1715870612.5726995, "_runtime": 6.51733660697937, "_step": 49950, "_wandb": {"runtime": 5}}