{"Episode Reward": 204.740205629252, "_timestamp": 1715857331.5059938, "_runtime": 192.8230197429657, "_step": 49950, "_wandb": {"runtime": 193}}