{"Episode Reward": 0.40434, "_timestamp": 1715866636.8523586, "_runtime": 7.206634521484375, "_step": 49950, "_wandb": {"runtime": 6}}