{"Episode Reward": 199.72823924041725, "_timestamp": 1715850200.381428, "_runtime": 172.27236795425415, "_step": 48233, "_wandb": {"runtime": 172}}