{"Episode Reward": 205.1544093874029, "_timestamp": 1715859130.2671719, "_runtime": 410.5162527561188, "_step": 49950, "_wandb": {"runtime": 410}}