{"Episode Reward": 265.85714357470124, "_timestamp": 1715858382.2718892, "_runtime": 244.02377319335938, "_step": 49950, "_wandb": {"runtime": 244}}