{"Episode Reward": 0.58, "_timestamp": 1715870054.8131788, "_runtime": 5.603715896606445, "_step": 49950, "_wandb": {"runtime": 5}}