{"Episode Reward": 227.9391945680972, "_timestamp": 1715853266.4551659, "_runtime": 171.77284288406372, "_step": 45532, "_wandb": {"runtime": 171}}