{"Episode Reward": 281.39717837585533, "_timestamp": 1715851526.604729, "_runtime": 155.0960078239441, "_step": 42434, "_wandb": {"runtime": 154}}