{"Episode Reward": 251.43628050412593, "_timestamp": 1715861884.6576288, "_runtime": 249.30242586135864, "_step": 49950, "_wandb": {"runtime": 249}}