{"Episode Reward": [0.529, 0.565, 0.548, 0.441, 0.4195, 0.4925, 0.5505, 0.5395, 0.5025, 0.449, 0.448, 0.4765, 0.456, 0.4235, 0.4035, 0.4315, 0.442, 0.464, 0.463, 0.429, 0.409, 0.42, 0.435, 0.4405, 0.421, 0.421, 0.4385, 0.4505, 0.4295, 0.4165, 0.4415, 0.4395, 0.4385, 0.445, 0.446, 0.4245, 0.426, 0.441, 0.4465, 0.4415, 0.446, 0.426, 0.4285, 0.4265, 0.429, 0.419, 0.4295, 0.435, 0.444, 0.428], "_timestamp": 1715865990.1022954, "_runtime": 6.575244426727295, "_step": 49950, "_wandb": {"runtime": 5}}