{"Episode Reward": 3.3531331759237917, "_timestamp": 1715851364.8593311, "_runtime": 63.011301040649414, "_step": 11192, "_wandb": {"runtime": 63}}