{"Episode Reward": 251.0515085026855, "_timestamp": 1715859246.337348, "_runtime": 30.671730995178223, "_step": 4995, "_wandb": {"runtime": 34}}