{"Episode Reward": 3.370473430269396, "_timestamp": 1715851141.9866421, "_runtime": 74.84827923774719, "_step": 13278, "_wandb": {"runtime": 74}}