{"Episode Reward": 3.370473430269396, "_timestamp": 1715850800.279863, "_runtime": 74.13976216316223, "_step": 13278, "_wandb": {"runtime": 74}}