{"Episode Reward": 223.06918608641766, "_timestamp": 1715855431.6292324, "_runtime": 179.1650514602661, "_step": 47501, "_wandb": {"runtime": 179}}