{"Episode Reward": 0.428, "_timestamp": 1715866045.626911, "_runtime": 7.308923959732056, "_step": 49950, "_wandb": {"runtime": 6}}