{"Episode Reward": 206.12563984442286, "_timestamp": 1715856815.6317604, "_runtime": 205.81849646568298, "_step": 49950, "_wandb": {"runtime": 205}}