{"Episode Reward": 1.0375, "_timestamp": 1715864662.54563, "_runtime": 197.2179310321808, "_step": 22977, "_wandb": {"runtime": 196}}