{"Episode Reward": 204.740205629252, "_timestamp": 1715857053.7204978, "_runtime": 200.70837688446045, "_step": 49950, "_wandb": {"runtime": 200}}