{"Episode Reward": 251.0362801897097, "_timestamp": 1715857687.4068294, "_runtime": 224.7014353275299, "_step": 49950, "_wandb": {"runtime": 225}}