{"Episode Reward": 251.33937320045266, "_timestamp": 1715861080.1410506, "_runtime": 263.2779724597931, "_step": 49950, "_wandb": {"runtime": 263}}