{"Episode Reward": 0.428, "_timestamp": 1715863945.140722, "_runtime": 448.85940313339233, "_step": 49950, "_wandb": {"runtime": 450}}