{"Episode Reward": 234.06104182783383, "_timestamp": 1715857927.513998, "_runtime": 198.18124413490295, "_step": 49950, "_wandb": {"runtime": 198}}