{"Episode Reward": 131.86210236754047, "_timestamp": 1715860107.7398877, "_runtime": 47.10820269584656, "_step": 1998, "_wandb": {"runtime": 47}}