{"Episode Reward": 188.16536061604177, "_timestamp": 1715852962.5365655, "_runtime": 183.0405514240265, "_step": 49353, "_wandb": {"runtime": 183}}