{"Episode Reward": 0.9304347826086956, "_timestamp": 1715865098.6823685, "_runtime": 405.51398754119873, "_step": 49950, "_wandb": {"runtime": 406}}