{"Episode Reward": 162.95413688203416, "_timestamp": 1715859151.4021175, "_runtime": 10.254764556884766, "_step": 1998, "_wandb": {"runtime": 11}}