{"Episode Reward": 0.58, "_timestamp": 1715863455.693398, "_runtime": 483.907222032547, "_step": 49950, "_wandb": {"runtime": 485}}