{"Episode Reward": 236.87797175605652, "_timestamp": 1715851782.983002, "_runtime": 173.11458587646484, "_step": 47220, "_wandb": {"runtime": 173}}