{"Episode Reward": 0.665, "_timestamp": 1715864366.9226546, "_runtime": 144.29599571228027, "_step": 14985, "_wandb": {"runtime": 146}}