{"Episode Reward": 220.81952030172556, "_timestamp": 1715858676.012105, "_runtime": 221.48075890541077, "_step": 49950, "_wandb": {"runtime": 221}}